"","node","cell","support","clonal_ancestor","clone","assigned_var","p","af1","af0","p1","p0"
"1",1,"GAGTTTGTCACCATCC_MDA_clones",NA,231,6,NA,NA,NA,NA,NA,NA
"2",2,"TTTCACAAGTCAAGCG_MDA_clones",NA,231,6,NA,NA,NA,NA,NA,NA
"3",3,"TACTTCACAGACATCT_MDA_clones",NA,231,6,NA,NA,NA,NA,NA,NA
"4",4,"CTCAACCGTAGCACGA_MDA_clones",NA,231,6,NA,NA,NA,NA,NA,NA
"5",5,"ATAGACCCAAGACAAT_MDA_clones",NA,231,6,NA,NA,NA,NA,NA,NA
"6",6,"CGGTCAGCAACATCGT_MDA_clones",NA,231,6,NA,NA,NA,NA,NA,NA
"7",7,"ATTCTACAGGTGATAT_MDA_clones",NA,231,6,NA,NA,NA,NA,NA,NA
"8",8,"ATCACTTTCGTCCTCA_MDA_clones",NA,238,3,NA,NA,NA,NA,NA,NA
"9",9,"GGGATGAAGGCAGGGA_MDA_clones",NA,238,3,NA,NA,NA,NA,NA,NA
"10",10,"CCGGGTAAGCGCCTCA_MDA_clones",NA,238,3,NA,NA,NA,NA,NA,NA
"11",11,"CAACAACTCGGTAAGG_MDA_clones",NA,238,3,NA,NA,NA,NA,NA,NA
"12",12,"GGGAGATAGGTTACCT_MDA_clones",NA,238,3,NA,NA,NA,NA,NA,NA
"13",13,"CGGAGAAGTGCCTATA_MDA_clones",NA,238,3,NA,NA,NA,NA,NA,NA
"14",14,"GATCACAAGTTCTCTT_MDA_clones",NA,238,3,NA,NA,NA,NA,NA,NA
"15",15,"TTCCTTCGTATGAAGT_MDA_clones",NA,238,3,NA,NA,NA,NA,NA,NA
"16",16,"GAGATGGTCCTCTCGA_MDA_clones",NA,238,3,NA,NA,NA,NA,NA,NA
"17",17,"CAACCAAGTTCAGCGC_MDA_clones",NA,238,3,NA,NA,NA,NA,NA,NA
"18",18,"CCGTAGGCAAGTTCCA_MDA_clones",NA,238,3,NA,NA,NA,NA,NA,NA
"19",19,"CAGGTATCACTAACCA_MDA_clones",NA,238,3,NA,NA,NA,NA,NA,NA
"20",20,"CGTAATGGTTCTCCCA_MDA_clones",NA,238,3,NA,NA,NA,NA,NA,NA
"21",21,"CGTCCATTCCATTGCC_MDA_clones",NA,238,3,NA,NA,NA,NA,NA,NA
"22",22,"TTTACTGTCTACCAGA_MDA_clones",NA,238,3,NA,NA,NA,NA,NA,NA
"23",23,"TATTGCTCACATACTG_MDA_clones",NA,238,3,NA,NA,NA,NA,NA,NA
"24",24,"TGGTACAGTGCCGTAC_MDA_clones",NA,238,3,NA,NA,NA,NA,NA,NA
"25",25,"TTTGGTTTCGATTGAC_MDA_clones",NA,238,3,NA,NA,NA,NA,NA,NA
"26",26,"AAGTACCTCATTCGGA_MDA_clones",NA,238,3,NA,NA,NA,NA,NA,NA
"27",27,"ATCCGTCGTAAGCTCT_MDA_clones",NA,238,3,NA,NA,NA,NA,NA,NA
"28",28,"TCAATTCTCAGGAAGC_MDA_clones",NA,238,3,NA,NA,NA,NA,NA,NA
"29",29,"CACTAAGCATACTTTC_MDA_clones",NA,238,3,NA,NA,NA,NA,NA,NA
"30",30,"TGATGGTTCGGCACTG_MDA_clones",NA,238,3,NA,NA,NA,NA,NA,NA
"31",31,"AACAAGATCTTTCCGG_MDA_clones",NA,238,3,NA,NA,NA,NA,NA,NA
"32",32,"CGAATTGTCTGTACAG_MDA_clones",NA,238,3,NA,NA,NA,NA,NA,NA
"33",33,"GTAACACTCAACGCTA_MDA_clones",NA,238,3,NA,NA,NA,NA,NA,NA
"34",34,"GTGAGCCCAAGCTCTA_MDA_clones",NA,238,3,NA,NA,NA,NA,NA,NA
"35",35,"CCGCAAGGTAGGAAAG_MDA_clones",NA,238,3,NA,NA,NA,NA,NA,NA
"36",36,"CCTTCAGAGTTGGGAC_MDA_clones",NA,238,3,NA,NA,NA,NA,NA,NA
"37",37,"GTTGTGAAGCAACAAT_MDA_clones",NA,238,3,NA,NA,NA,NA,NA,NA
"38",38,"GTGAGCCGTTCGGCTG_MDA_clones",NA,238,3,NA,NA,NA,NA,NA,NA
"39",39,"CTCACTGGTACTGGGA_MDA_clones",NA,238,3,NA,NA,NA,NA,NA,NA
"40",40,"TTACCATCACAGTGTT_MDA_clones",NA,238,3,NA,NA,NA,NA,NA,NA
"41",41,"CATGCTCGTTCCACGG_MDA_clones",NA,238,3,NA,NA,NA,NA,NA,NA
"42",42,"ATTATCCTCTCCAATT_MDA_clones",NA,238,3,NA,NA,NA,NA,NA,NA
"43",43,"GCCCGAAAGGTTAAAC_MDA_clones",NA,238,3,NA,NA,NA,NA,NA,NA
"44",44,"AGACCCGGTGAGTGAC_MDA_clones",NA,238,3,NA,NA,NA,NA,NA,NA
"45",45,"GTCAAGTAGTTCCTGA_MDA_clones",NA,238,3,NA,NA,NA,NA,NA,NA
"46",46,"AGAACAACACACAGAG_MDA_clones",NA,238,3,NA,NA,NA,NA,NA,NA
"47",47,"GATGAGGCAACTGCCG_MDA_clones",NA,277,5,NA,NA,NA,NA,NA,NA
"48",48,"AGTAGCTTCACATCAG_MDA_clones",NA,277,5,NA,NA,NA,NA,NA,NA
"49",49,"TTTCGATAGATGCAGC_MDA_clones",NA,277,5,NA,NA,NA,NA,NA,NA
"50",50,"GTGCACGTCCATCTGC_MDA_clones",NA,277,5,NA,NA,NA,NA,NA,NA
"51",51,"CACATGAGTTATTCCT_MDA_clones",NA,277,5,NA,NA,NA,NA,NA,NA
"52",52,"TGACGCGAGAGGATGA_MDA_clones",NA,277,5,NA,NA,NA,NA,NA,NA
"53",53,"TGATCAGCAGTGGCTC_MDA_clones",NA,277,5,NA,NA,NA,NA,NA,NA
"54",54,"AACAAGATCGCCAATA_MDA_clones",NA,277,5,NA,NA,NA,NA,NA,NA
"55",55,"TTCCAATAGGATATAC_MDA_clones",NA,277,5,NA,NA,NA,NA,NA,NA
"56",56,"GACTATGGTAGAAACT_MDA_clones",NA,277,5,NA,NA,NA,NA,NA,NA
"57",57,"TATCAGGGTACGGTTT_MDA_clones",NA,277,5,NA,NA,NA,NA,NA,NA
"58",58,"CATGAGTCACATAACC_MDA_clones",NA,277,5,NA,NA,NA,NA,NA,NA
"59",59,"CAGGGCTAGGACCCAA_MDA_clones",NA,277,5,NA,NA,NA,NA,NA,NA
"60",60,"GTTTACTAGCTACAAA_MDA_clones",NA,277,5,NA,NA,NA,NA,NA,NA
"61",61,"TGATCTTTCTGAGTCA_MDA_clones",NA,277,5,NA,NA,NA,NA,NA,NA
"62",62,"TCCGTGTGTGACTCTA_MDA_clones",NA,277,5,NA,NA,NA,NA,NA,NA
"63",63,"GAACTGTAGTGATCGG_MDA_clones",NA,277,5,NA,NA,NA,NA,NA,NA
"64",64,"ATCACTTAGACTTCCA_MDA_clones",NA,277,5,NA,NA,NA,NA,NA,NA
"65",65,"CCACACTTCTGAGCAT_MDA_clones",NA,277,5,NA,NA,NA,NA,NA,NA
"66",66,"GCAGCCAAGTATAGAC_MDA_clones",NA,277,5,NA,NA,NA,NA,NA,NA
"67",67,"AACACACGTACTGTTG_MDA_clones",NA,277,5,NA,NA,NA,NA,NA,NA
"68",68,"TGTTTGTAGAGATGCC_MDA_clones",NA,277,5,NA,NA,NA,NA,NA,NA
"69",69,"TAGATCGAGACGAGCT_MDA_clones",NA,277,5,NA,NA,NA,NA,NA,NA
"70",70,"ATCGTGATCCATTCGC_MDA_clones",NA,277,5,NA,NA,NA,NA,NA,NA
"71",71,"TCAGTGACAATCCAGT_MDA_clones",NA,277,5,NA,NA,NA,NA,NA,NA
"72",72,"AATCGACGTACAAAGT_MDA_clones",NA,302,2,NA,NA,NA,NA,NA,NA
"73",73,"CTCATCGTCCAAAGGG_MDA_clones",NA,302,2,NA,NA,NA,NA,NA,NA
"74",74,"GGTCTGGGTGCACAAG_MDA_clones",NA,302,2,NA,NA,NA,NA,NA,NA
"75",75,"GTAGAAATCCTTCTAA_MDA_clones",NA,302,2,NA,NA,NA,NA,NA,NA
"76",76,"ATCAGGTAGTAATACG_MDA_clones",NA,302,2,NA,NA,NA,NA,NA,NA
"77",77,"ATGCCTCTCATCGCAA_MDA_clones",NA,302,2,NA,NA,NA,NA,NA,NA
"78",78,"AATGAAGTCGTGCAGC_MDA_clones",NA,302,2,NA,NA,NA,NA,NA,NA
"79",79,"CCGCAAGTCCAACCGG_MDA_clones",NA,302,2,NA,NA,NA,NA,NA,NA
"80",80,"TAAGTCGAGTACTGTC_MDA_clones",NA,302,2,NA,NA,NA,NA,NA,NA
"81",81,"TCGCAGGTCCACATAG_MDA_clones",NA,302,2,NA,NA,NA,NA,NA,NA
"82",82,"GGAGATGTCCAGTGCG_MDA_clones",NA,302,2,NA,NA,NA,NA,NA,NA
"83",83,"GAAATGATCGATCCCT_MDA_clones",NA,302,2,NA,NA,NA,NA,NA,NA
"84",84,"TCCACGTGTCGTGTTA_MDA_clones",NA,302,2,NA,NA,NA,NA,NA,NA
"85",85,"TGACCCTTCACATTGG_MDA_clones",NA,302,2,NA,NA,NA,NA,NA,NA
"86",86,"TGATCAGTCAACGTGT_MDA_clones",NA,302,2,NA,NA,NA,NA,NA,NA
"87",87,"GCTACAAAGATGAACT_MDA_clones",NA,302,2,NA,NA,NA,NA,NA,NA
"88",88,"CGATCGGCATCCTTCG_MDA_clones",NA,302,2,NA,NA,NA,NA,NA,NA
"89",89,"GTGGGAACATTGCTGA_MDA_clones",NA,302,2,NA,NA,NA,NA,NA,NA
"90",90,"CTTCCGATCAGCCTCT_MDA_clones",NA,302,2,NA,NA,NA,NA,NA,NA
"91",91,"TTTGGTTTCGGCGATC_MDA_clones",NA,302,2,NA,NA,NA,NA,NA,NA
"92",92,"ATCCATTTCGGCATAT_MDA_clones",NA,302,2,NA,NA,NA,NA,NA,NA
"93",93,"CATTGAGAGTAGGGTC_MDA_clones",NA,302,2,NA,NA,NA,NA,NA,NA
"94",94,"CTAGGTATCGACGATT_MDA_clones",NA,302,2,NA,NA,NA,NA,NA,NA
"95",95,"CATTCATGTCTTCTAT_MDA_clones",NA,302,2,NA,NA,NA,NA,NA,NA
"96",96,"TCAATCTCAAGTCCAT_MDA_clones",NA,302,2,NA,NA,NA,NA,NA,NA
"97",97,"CCTACGTTCGAGTCCG_MDA_clones",NA,302,2,NA,NA,NA,NA,NA,NA
"98",98,"CTGTGGGTCCGGTTCT_MDA_clones",NA,302,2,NA,NA,NA,NA,NA,NA
"99",99,"ATACCGAAGGGTCAAC_MDA_clones",NA,302,2,NA,NA,NA,NA,NA,NA
"100",100,"AGGACGAGTGATCATC_MDA_clones",NA,302,2,NA,NA,NA,NA,NA,NA
"101",101,"GCAGCTGTCTGACGCG_MDA_clones",NA,302,2,NA,NA,NA,NA,NA,NA
"102",102,"GAACGTTTCGCCAATA_MDA_clones",NA,302,2,NA,NA,NA,NA,NA,NA
"103",103,"TCTGCCAGTTGCGGAA_MDA_clones",NA,302,2,NA,NA,NA,NA,NA,NA
"104",104,"GGGTGAACATTGGATC_MDA_clones",NA,302,2,NA,NA,NA,NA,NA,NA
"105",105,"ATTTCACGTCAAAGTA_MDA_clones",NA,302,2,NA,NA,NA,NA,NA,NA
"106",106,"CTTTCGGCACAGAGAC_MDA_clones",NA,302,2,NA,NA,NA,NA,NA,NA
"107",107,"TAAGTCGAGACGCTCC_MDA_clones",NA,302,2,NA,NA,NA,NA,NA,NA
"108",108,"TGATTCTAGATCACCT_MDA_clones",NA,302,2,NA,NA,NA,NA,NA,NA
"109",109,"GTCGAATGTTATTCCT_MDA_clones",NA,302,2,NA,NA,NA,NA,NA,NA
"110",110,"TTCATGTGTTAGCTAC_MDA_clones",NA,302,2,NA,NA,NA,NA,NA,NA
"111",111,"AGATCCATCGCTGCGA_MDA_clones",NA,302,2,NA,NA,NA,NA,NA,NA
"112",112,"AACGGGACATGGGCAA_MDA_clones",NA,302,2,NA,NA,NA,NA,NA,NA
"113",113,"TTTCGATTCGGAGCAA_MDA_clones",NA,343,4,NA,NA,NA,NA,NA,NA
"114",114,"CTCAGGGAGAGAGAAC_MDA_clones",NA,343,4,NA,NA,NA,NA,NA,NA
"115",115,"GGTTGTATCTTACCAT_MDA_clones",NA,343,4,NA,NA,NA,NA,NA,NA
"116",116,"GCCAGTGGTCCGACGT_MDA_clones",NA,343,4,NA,NA,NA,NA,NA,NA
"117",117,"CGAGTTAGTGAGGCAT_MDA_clones",NA,343,4,NA,NA,NA,NA,NA,NA
"118",118,"TCATTGTAGTATCCTG_MDA_clones",NA,343,4,NA,NA,NA,NA,NA,NA
"119",119,"GGAATCTGTTGTGCAT_MDA_clones",NA,343,4,NA,NA,NA,NA,NA,NA
"120",120,"ACGTAGTCAATCTCGA_MDA_clones",NA,343,4,NA,NA,NA,NA,NA,NA
"121",121,"GAATCACGTTGCATGT_MDA_clones",NA,343,4,NA,NA,NA,NA,NA,NA
"122",122,"CTGCATCAGAATTTGG_MDA_clones",NA,343,4,NA,NA,NA,NA,NA,NA
"123",123,"GACTTCCCATGGGCAA_MDA_clones",NA,343,4,NA,NA,NA,NA,NA,NA
"124",124,"CCGATCTGTGTAGTGG_MDA_clones",NA,343,4,NA,NA,NA,NA,NA,NA
"125",125,"CCCTCTCCAGACACAG_MDA_clones",NA,343,4,NA,NA,NA,NA,NA,NA
"126",126,"CATAAGCTCGGATACT_MDA_clones",NA,343,4,NA,NA,NA,NA,NA,NA
"127",127,"TCAAGCATCTGCACCT_MDA_clones",NA,343,4,NA,NA,NA,NA,NA,NA
"128",128,"TTTGGAGGTAGGCTCC_MDA_clones",NA,343,4,NA,NA,NA,NA,NA,NA
"129",129,"ACCATTTGTCGCATTA_MDA_clones",NA,343,4,NA,NA,NA,NA,NA,NA
"130",130,"CGAGGAACACAATGTC_MDA_clones",NA,343,4,NA,NA,NA,NA,NA,NA
"131",131,"ACCACAACAGCACACC_MDA_clones",NA,343,4,NA,NA,NA,NA,NA,NA
"132",132,"TCATTCATCGACGTCG_MDA_clones",NA,343,4,NA,NA,NA,NA,NA,NA
"133",133,"GTATTTCCACGAAAGC_MDA_clones",NA,343,4,NA,NA,NA,NA,NA,NA
"134",134,"TTAATCCGTTTCAGAC_MDA_clones",NA,343,4,NA,NA,NA,NA,NA,NA
"135",135,"TCTTCCTCATGCCATA_MDA_clones",NA,343,4,NA,NA,NA,NA,NA,NA
"136",136,"AAGCCATAGGCGCTTC_MDA_clones",NA,343,4,NA,NA,NA,NA,NA,NA
"137",137,"ACATGCAAGAGAGTTT_MDA_clones",NA,343,4,NA,NA,NA,NA,NA,NA
"138",138,"ACACTGAAGAGTACCG_MDA_clones",NA,343,4,NA,NA,NA,NA,NA,NA
"139",139,"GACCCTTAGGGAACAA_MDA_clones",NA,343,4,NA,NA,NA,NA,NA,NA
"140",140,"AAATGGAAGGACACTG_MDA_clones",NA,343,4,NA,NA,NA,NA,NA,NA
"141",141,"TAACACGCATGGCTAT_MDA_clones",NA,343,4,NA,NA,NA,NA,NA,NA
"142",142,"CAAGACTCACTCTAGA_MDA_clones",NA,371,1,NA,NA,NA,NA,NA,NA
"143",143,"GCCATGGTCATGGATC_MDA_clones",NA,371,1,NA,NA,NA,NA,NA,NA
"144",144,"GGCGTCAGTCTAGATC_MDA_clones",NA,371,1,NA,NA,NA,NA,NA,NA
"145",145,"CGATCGGGTACAAGCG_MDA_clones",NA,371,1,NA,NA,NA,NA,NA,NA
"146",146,"GTAACCACATACGCAT_MDA_clones",NA,371,1,NA,NA,NA,NA,NA,NA
"147",147,"CCTCAGTAGTTGTAGA_MDA_clones",NA,371,1,NA,NA,NA,NA,NA,NA
"148",148,"TGATGCATCCTACGGG_MDA_clones",NA,371,1,NA,NA,NA,NA,NA,NA
"149",149,"CCGGTAGGTTAGTTCG_MDA_clones",NA,371,1,NA,NA,NA,NA,NA,NA
"150",150,"CTCCATGCAAATCGGG_MDA_clones",NA,371,1,NA,NA,NA,NA,NA,NA
"151",151,"TGTTCATAGCATTTGC_MDA_clones",NA,371,1,NA,NA,NA,NA,NA,NA
"152",152,"AAACGCTTCGAGAAGC_MDA_clones",NA,371,1,NA,NA,NA,NA,NA,NA
"153",153,"AGCCAGCTCGCCTAGG_MDA_clones",NA,371,1,NA,NA,NA,NA,NA,NA
"154",154,"GCAACATCATAGGCGA_MDA_clones",NA,371,1,NA,NA,NA,NA,NA,NA
"155",155,"GATTCGACAGGGAGAG_MDA_clones",NA,371,1,NA,NA,NA,NA,NA,NA
"156",156,"ACTATGGAGGTTCACT_MDA_clones",NA,371,1,NA,NA,NA,NA,NA,NA
"157",157,"CTGCCATAGGCAGGTT_MDA_clones",NA,371,1,NA,NA,NA,NA,NA,NA
"158",158,"AGACAGGCAAGTTGGG_MDA_clones",NA,371,1,NA,NA,NA,NA,NA,NA
"159",159,"ACCGTTCCACTGGCCA_MDA_clones",NA,371,1,NA,NA,NA,NA,NA,NA
"160",160,"TCATCCGTCTTAGGAC_MDA_clones",NA,371,1,NA,NA,NA,NA,NA,NA
"161",161,"GGGAGTAAGTGTCATC_MDA_clones",NA,371,1,NA,NA,NA,NA,NA,NA
"162",162,"CCTAACCAGCGTGAAC_MDA_clones",NA,371,1,NA,NA,NA,NA,NA,NA
"163",163,"CCGATCTGTTTCACAG_MDA_clones",NA,371,1,NA,NA,NA,NA,NA,NA
"164",164,"GAGAAATGTTCAACGT_MDA_clones",NA,371,1,NA,NA,NA,NA,NA,NA
"165",165,"TGACTCCTCGCAATTG_MDA_clones",NA,371,1,NA,NA,NA,NA,NA,NA
"166",166,"GCTGCAGGTTCGGTTA_MDA_clones",NA,371,1,NA,NA,NA,NA,NA,NA
"167",167,"AAACGAAGTTAGAGAT_MDA_clones",NA,371,1,NA,NA,NA,NA,NA,NA
"168",168,"CATACAGCATCGAGCC_MDA_clones",NA,371,1,NA,NA,NA,NA,NA,NA
"169",169,"CATTCTATCATGCCCT_MDA_clones",NA,371,1,NA,NA,NA,NA,NA,NA
"170",170,"TGACAGTCACATCCCT_MDA_clones",NA,371,1,NA,NA,NA,NA,NA,NA
"171",171,"ATTCACTTCCATAAGC_MDA_clones",NA,371,1,NA,NA,NA,NA,NA,NA
"172",172,"GAAGAATTCGTAGTCA_MDA_clones",NA,371,1,NA,NA,NA,NA,NA,NA
"173",173,"GGTTAACCATTGACAC_MDA_clones",NA,371,1,NA,NA,NA,NA,NA,NA
"174",174,"AACCTGAAGTCACTGT_MDA_clones",NA,371,1,NA,NA,NA,NA,NA,NA
"175",175,"GTGAGCCGTGAATGTA_MDA_clones",NA,371,1,NA,NA,NA,NA,NA,NA
"176",176,"TTTACGTGTGAGGCAT_MDA_clones",NA,371,1,NA,NA,NA,NA,NA,NA
"177",177,"AATCGTGCAGTGAGCA_MDA_clones",NA,371,1,NA,NA,NA,NA,NA,NA
"178",178,"GCACGTGAGCGTGTCC_MDA_clones",NA,371,1,NA,NA,NA,NA,NA,NA
"179",179,"CGCATAAAGTTGCTCA_MDA_clones",NA,371,1,NA,NA,NA,NA,NA,NA
"180",180,"TGTAACGCATTCTCTA_MDA_clones",NA,371,1,NA,NA,NA,NA,NA,NA
"181",181,"TACCGGGAGGACGCAT_MDA_clones",NA,371,1,NA,NA,NA,NA,NA,NA
"182",182,"GATGATCTCACTCGAA_MDA_clones",NA,371,1,NA,NA,NA,NA,NA,NA
"183",183,"TGCTGAAGTACAAGCG_MDA_clones",NA,371,1,NA,NA,NA,NA,NA,NA
"184",184,"AAGCCATTCTAGGCCG_MDA_clones",NA,371,1,NA,NA,NA,NA,NA,NA
"185",185,"GTAATCGGTTCGTTCC_MDA_clones",NA,371,1,NA,NA,NA,NA,NA,NA
"186",186,"CACCAAACAAGATCCT_MDA_clones",NA,371,1,NA,NA,NA,NA,NA,NA
"187",187,"TCCGAAAGTCAGCTTA_MDA_clones",NA,371,1,NA,NA,NA,NA,NA,NA
"188",188,"TGCTCCACACTTGACA_MDA_clones",NA,371,1,NA,NA,NA,NA,NA,NA
"189",189,"TCAGCCTTCAAGCTGT_MDA_clones",NA,371,1,NA,NA,NA,NA,NA,NA
"190",190,"GAGGGATCACGACAAG_MDA_clones",NA,371,1,NA,NA,NA,NA,NA,NA
"191",191,"CACGGGTCAAAGACTA_MDA_clones",NA,371,1,NA,NA,NA,NA,NA,NA
"192",192,"ATGCCTCCAGGCTCTG_MDA_clones",NA,371,1,NA,NA,NA,NA,NA,NA
"193",193,"CTATAGGGTATGGTTC_MDA_clones",NA,371,1,NA,NA,NA,NA,NA,NA
"194",194,"TACCTCGTCTCAACGA_MDA_clones",NA,371,1,NA,NA,NA,NA,NA,NA
"195",195,"TCACGGGTCTACGCGG_MDA_clones",NA,371,1,NA,NA,NA,NA,NA,NA
"196",196,"TGGTGATGTCATGACT_MDA_clones",NA,371,1,NA,NA,NA,NA,NA,NA
"197",197,"GGCACGTTCTCTAAGG_MDA_clones",NA,371,1,NA,NA,NA,NA,NA,NA
"198",198,"CGATCGGTCACAAGGG_MDA_clones",NA,371,1,NA,NA,NA,NA,NA,NA
"199",199,"GGTCACGTCTGAGGTT_MDA_clones",NA,371,1,NA,NA,NA,NA,NA,NA
"200",200,"TGGGTTATCAGCGGAA_MDA_clones",NA,371,1,NA,NA,NA,NA,NA,NA
"201",201,"AGAGAGCAGAGAGGTA_MDA_clones",NA,371,1,NA,NA,NA,NA,NA,NA
"202",202,"AGGGTGACACTTTAGG_MDA_clones",NA,371,1,NA,NA,NA,NA,NA,NA
"203",203,"ACCAAACCACCGAATT_MDA_clones",NA,371,1,NA,NA,NA,NA,NA,NA
"204",204,"ATACTTCAGTAGACCG_MDA_clones",NA,371,1,NA,NA,NA,NA,NA,NA
"205",205,"GTATTTCTCATGCATG_MDA_clones",NA,371,1,NA,NA,NA,NA,NA,NA
"206",206,"TTCGGTCGTCGACTGC_MDA_clones",NA,371,1,NA,NA,NA,NA,NA,NA
"207",207,"AGACACTCAGAAATCA_MDA_clones",NA,371,1,NA,NA,NA,NA,NA,NA
"208",208,"ACGGTTATCGACGACC_MDA_clones",NA,371,1,NA,NA,NA,NA,NA,NA
"209",209,"GTAGAGGGTGATATAG_MDA_clones",NA,371,1,NA,NA,NA,NA,NA,NA
"210",210,"AGGTTACTCAAACCTG_MDA_clones",NA,371,1,NA,NA,NA,NA,NA,NA
"211",211,"GGTTAACTCAAAGGTA_MDA_clones",NA,371,1,NA,NA,NA,NA,NA,NA
"212",212,"TTTATGCCACAAGTTC_MDA_clones",NA,371,1,NA,NA,NA,NA,NA,NA
"213",213,"TGGATGTTCAGGTAAA_MDA_clones",NA,371,1,NA,NA,NA,NA,NA,NA
"214",214,"CTTCCGATCGTGTGAT_MDA_clones",NA,371,1,NA,NA,NA,NA,NA,NA
"215",215,"AGAGAATCAGCAGATG_MDA_clones",NA,371,1,NA,NA,NA,NA,NA,NA
"216",216,"GTAGAGGAGATAGCAT_MDA_clones",NA,371,1,NA,NA,NA,NA,NA,NA
"217",217,"GGGACAATCGGTAGAG_MDA_clones",NA,371,1,NA,NA,NA,NA,NA,NA
"218",218,"ACTACGAGTTGCACGC_MDA_clones",NA,371,1,NA,NA,NA,NA,NA,NA
"219",219,"GTCATTTTCGTTACCC_MDA_clones",NA,371,1,NA,NA,NA,NA,NA,NA
"220",220,"ATAGACCGTATCACGT_MDA_clones",NA,371,1,NA,NA,NA,NA,NA,NA
"221",221,"TGAGGAGTCTGTCGTC_MDA_clones",NA,371,1,NA,NA,NA,NA,NA,NA
"222",222,"TCATTACAGGGATCGT_MDA_clones",NA,371,1,NA,NA,NA,NA,NA,NA
"223",223,"GATGACTCAGTAACCT_MDA_clones",NA,371,1,NA,NA,NA,NA,NA,NA
"224",224,"GATCCCTCATAGCTGT_MDA_clones",NA,371,1,NA,NA,NA,NA,NA,NA
"225",225,"GGGCTCAAGTCAAGCG_MDA_clones",NA,371,1,NA,NA,NA,NA,NA,NA
"226",226,"CCGATCTCAGTCTGGC_MDA_clones",NA,371,1,NA,NA,NA,NA,NA,NA
"227",227,"AGTTCCCGTAGAGTTA_MDA_clones",NA,371,1,NA,NA,NA,NA,NA,NA
"228",228,"ATTCCTATCTATTGTC_MDA_clones",NA,371,1,NA,NA,NA,NA,NA,NA
"229",229,"CCCATTGGTCCGTACG_MDA_clones",NA,371,1,NA,NA,NA,NA,NA,NA
"230",230,NA,100,NA,NA,NA,NA,NA,NA,NA,NA
"231",231,NA,68,NA,NA,NA,NA,NA,NA,NA,NA
"232",232,NA,44,NA,NA,"X2659_C.T",0.875055452141257,0.0648692859535381,0.00106519611802539,1,0.0132743362831858
"233",233,NA,87,NA,NA,NA,NA,NA,NA,NA,NA
"234",234,NA,30,NA,NA,NA,NA,NA,NA,NA,NA
"235",235,NA,3,NA,NA,NA,NA,NA,NA,NA,NA
"236",236,NA,10,NA,NA,NA,NA,NA,NA,NA,NA
"237",237,NA,68,NA,NA,NA,NA,NA,NA,NA,NA
"238",238,NA,87,NA,NA,"X7016_C.T",1,0.145928861279903,0.000363093756445299,1,0
"239",239,NA,52,NA,NA,NA,NA,NA,NA,NA,NA
"240",240,NA,67,NA,NA,NA,NA,NA,NA,NA,NA
"241",241,NA,42,NA,NA,NA,NA,NA,NA,NA,NA
"242",242,NA,19,NA,NA,NA,NA,NA,NA,NA,NA
"243",243,NA,20,NA,NA,NA,NA,NA,NA,NA,NA
"244",244,NA,44,NA,NA,NA,NA,NA,NA,NA,NA
"245",245,NA,28,NA,NA,NA,NA,NA,NA,NA,NA
"246",246,NA,25,NA,NA,NA,NA,NA,NA,NA,NA
"247",247,NA,67,NA,NA,NA,NA,NA,NA,NA,NA
"248",248,NA,43,NA,NA,NA,NA,NA,NA,NA,NA
"249",249,NA,25,NA,NA,NA,NA,NA,NA,NA,NA
"250",250,NA,24,NA,NA,NA,NA,NA,NA,NA,NA
"251",251,NA,43,NA,NA,NA,NA,NA,NA,NA,NA
"252",252,NA,30,NA,NA,NA,NA,NA,NA,NA,NA
"253",253,NA,19,NA,NA,NA,NA,NA,NA,NA,NA
"254",254,NA,52,NA,NA,NA,NA,NA,NA,NA,NA
"255",255,NA,48,NA,NA,NA,NA,NA,NA,NA,NA
"256",256,NA,24,NA,NA,NA,NA,NA,NA,NA,NA
"257",257,NA,32,NA,NA,NA,NA,NA,NA,NA,NA
"258",258,NA,37,NA,NA,"X9516_T.C",0.799845346901542,0.0626215130219015,0.00202569062033282,1,0.013215859030837
"259",259,NA,42,NA,NA,NA,NA,NA,NA,NA,NA
"260",260,NA,25,NA,NA,NA,NA,NA,NA,NA,NA
"261",261,NA,19,NA,NA,NA,NA,NA,NA,NA,NA
"262",262,NA,53,NA,NA,NA,NA,NA,NA,NA,NA
"263",263,NA,89,NA,NA,NA,NA,NA,NA,NA,NA
"264",264,NA,87,NA,NA,NA,NA,NA,NA,NA,NA
"265",265,NA,91,NA,NA,NA,NA,NA,NA,NA,NA
"266",266,NA,91,NA,NA,NA,NA,NA,NA,NA,NA
"267",267,NA,96,NA,NA,NA,NA,NA,NA,NA,NA
"268",268,NA,96,NA,NA,NA,NA,NA,NA,NA,NA
"269",269,NA,70,NA,NA,NA,NA,NA,NA,NA,NA
"270",270,NA,43,NA,NA,NA,NA,NA,NA,NA,NA
"271",271,NA,94,NA,NA,NA,NA,NA,NA,NA,NA
"272",272,NA,19,NA,NA,NA,NA,NA,NA,NA,NA
"273",273,NA,49,NA,NA,NA,NA,NA,NA,NA,NA
"274",274,NA,28,NA,NA,NA,NA,NA,NA,NA,NA
"275",275,NA,28,NA,NA,NA,NA,NA,NA,NA,NA
"276",276,NA,80,NA,NA,NA,NA,NA,NA,NA,NA
"277",277,NA,96,NA,NA,NA,NA,NA,NA,NA,NA
"278",278,NA,60,NA,NA,NA,NA,NA,NA,NA,NA
"279",279,NA,57,NA,NA,NA,NA,NA,NA,NA,NA
"280",280,NA,95,NA,NA,"X1906_G.A",0.952380952373757,0.112598258610197,0.00106418948698173,1,0
"281",281,NA,94,NA,NA,"X2732_G.A",0.998589362007694,0.144367211609264,0.00353395460579059,1,0.0144230769230769
"282",282,NA,75,NA,NA,NA,NA,NA,NA,NA,NA
"283",283,NA,72,NA,NA,NA,NA,NA,NA,NA,NA
"284",284,NA,79,NA,NA,NA,NA,NA,NA,NA,NA
"285",285,NA,80,NA,NA,NA,NA,NA,NA,NA,NA
"286",286,NA,70,NA,NA,NA,NA,NA,NA,NA,NA
"287",287,NA,79,NA,NA,NA,NA,NA,NA,NA,NA
"288",288,NA,75,NA,NA,NA,NA,NA,NA,NA,NA
"289",289,NA,82,NA,NA,NA,NA,NA,NA,NA,NA
"290",290,NA,69,NA,NA,NA,NA,NA,NA,NA,NA
"291",291,NA,57,NA,NA,NA,NA,NA,NA,NA,NA
"292",292,NA,81,NA,NA,NA,NA,NA,NA,NA,NA
"293",293,NA,100,NA,NA,NA,NA,NA,NA,NA,NA
"294",294,NA,72,NA,NA,NA,NA,NA,NA,NA,NA
"295",295,NA,72,NA,NA,NA,NA,NA,NA,NA,NA
"296",296,NA,99,NA,NA,NA,NA,NA,NA,NA,NA
"297",297,NA,79,NA,NA,NA,NA,NA,NA,NA,NA
"298",298,NA,71,NA,NA,NA,NA,NA,NA,NA,NA
"299",299,NA,79,NA,NA,NA,NA,NA,NA,NA,NA
"300",300,NA,79,NA,NA,NA,NA,NA,NA,NA,NA
"301",301,NA,72,NA,NA,NA,NA,NA,NA,NA,NA
"302",302,NA,92,NA,NA,"X11072_T.C",1,0.136961995626846,0.000350854908382397,0.902439024390244,0
"303",303,NA,73,NA,NA,"X12895_G.A",0.999978734295333,0.260522333129908,0.00308835910441702,1,0.0148514851485149
"304",304,NA,82,NA,NA,NA,NA,NA,NA,NA,NA
"305",305,NA,76,NA,NA,NA,NA,NA,NA,NA,NA
"306",306,NA,20,NA,NA,NA,NA,NA,NA,NA,NA
"307",307,NA,19,NA,NA,"X2646_G.A",0.933656274809984,0.0595533758544032,0.00235787740343494,1,0.00884955752212389
"308",308,NA,21,NA,NA,NA,NA,NA,NA,NA,NA
"309",309,NA,63,NA,NA,NA,NA,NA,NA,NA,NA
"310",310,NA,50,NA,NA,NA,NA,NA,NA,NA,NA
"311",311,NA,40,NA,NA,NA,NA,NA,NA,NA,NA
"312",312,NA,58,NA,NA,NA,NA,NA,NA,NA,NA
"313",313,NA,25,NA,NA,NA,NA,NA,NA,NA,NA
"314",314,NA,35,NA,NA,NA,NA,NA,NA,NA,NA
"315",315,NA,96,NA,NA,NA,NA,NA,NA,NA,NA
"316",316,NA,56,NA,NA,"X15599_C.T",0.768094242560646,0.0780968357092574,0.00373110493766498,1,0.0176211453744493
"317",317,NA,34,NA,NA,NA,NA,NA,NA,NA,NA
"318",318,NA,18,NA,NA,NA,NA,NA,NA,NA,NA
"319",319,NA,49,NA,NA,NA,NA,NA,NA,NA,NA
"320",320,NA,49,NA,NA,NA,NA,NA,NA,NA,NA
"321",321,NA,35,NA,NA,NA,NA,NA,NA,NA,NA
"322",322,NA,70,NA,NA,NA,NA,NA,NA,NA,NA
"323",323,NA,15,NA,NA,NA,NA,NA,NA,NA,NA
"324",324,NA,62,NA,NA,NA,NA,NA,NA,NA,NA
"325",325,NA,66,NA,NA,NA,NA,NA,NA,NA,NA
"326",326,NA,65,NA,NA,NA,NA,NA,NA,NA,NA
"327",327,NA,99,NA,NA,NA,NA,NA,NA,NA,NA
"328",328,NA,96,NA,NA,NA,NA,NA,NA,NA,NA
"329",329,NA,61,NA,NA,NA,NA,NA,NA,NA,NA
"330",330,NA,64,NA,NA,NA,NA,NA,NA,NA,NA
"331",331,NA,37,NA,NA,NA,NA,NA,NA,NA,NA
"332",332,NA,10,NA,NA,NA,NA,NA,NA,NA,NA
"333",333,NA,50,NA,NA,NA,NA,NA,NA,NA,NA
"334",334,NA,39,NA,NA,NA,NA,NA,NA,NA,NA
"335",335,NA,48,NA,NA,NA,NA,NA,NA,NA,NA
"336",336,NA,38,NA,NA,NA,NA,NA,NA,NA,NA
"337",337,NA,63,NA,NA,NA,NA,NA,NA,NA,NA
"338",338,NA,53,NA,NA,NA,NA,NA,NA,NA,NA
"339",339,NA,85,NA,NA,"X13799_T.C",0.654336959816736,0.122344760416251,0,1,0
"340",340,NA,76,NA,NA,NA,NA,NA,NA,NA,NA
"341",341,NA,72,NA,NA,NA,NA,NA,NA,NA,NA
"342",342,NA,90,NA,NA,NA,NA,NA,NA,NA,NA
"343",343,NA,60,NA,NA,NA,NA,NA,NA,NA,NA
"344",344,NA,62,NA,NA,NA,NA,NA,NA,NA,NA
"345",345,NA,55,NA,NA,NA,NA,NA,NA,NA,NA
"346",346,NA,58,NA,NA,NA,NA,NA,NA,NA,NA
"347",347,NA,45,NA,NA,NA,NA,NA,NA,NA,NA
"348",348,NA,52,NA,NA,NA,NA,NA,NA,NA,NA
"349",349,NA,51,NA,NA,NA,NA,NA,NA,NA,NA
"350",350,NA,52,NA,NA,NA,NA,NA,NA,NA,NA
"351",351,NA,40,NA,NA,NA,NA,NA,NA,NA,NA
"352",352,NA,59,NA,NA,NA,NA,NA,NA,NA,NA
"353",353,NA,57,NA,NA,NA,NA,NA,NA,NA,NA
"354",354,NA,55,NA,NA,NA,NA,NA,NA,NA,NA
"355",355,NA,74,NA,NA,NA,NA,NA,NA,NA,NA
"356",356,NA,92,NA,NA,NA,NA,NA,NA,NA,NA
"357",357,NA,55,NA,NA,NA,NA,NA,NA,NA,NA
"358",358,NA,64,NA,NA,NA,NA,NA,NA,NA,NA
"359",359,NA,88,NA,NA,NA,NA,NA,NA,NA,NA
"360",360,NA,59,NA,NA,NA,NA,NA,NA,NA,NA
"361",361,NA,67,NA,NA,NA,NA,NA,NA,NA,NA
"362",362,NA,84,NA,NA,NA,NA,NA,NA,NA,NA
"363",363,NA,76,NA,NA,NA,NA,NA,NA,NA,NA
"364",364,NA,66,NA,NA,NA,NA,NA,NA,NA,NA
"365",365,NA,60,NA,NA,NA,NA,NA,NA,NA,NA
"366",366,NA,60,NA,NA,NA,NA,NA,NA,NA,NA
"367",367,NA,57,NA,NA,NA,NA,NA,NA,NA,NA
"368",368,NA,65,NA,NA,NA,NA,NA,NA,NA,NA
"369",369,NA,83,NA,NA,NA,NA,NA,NA,NA,NA
"370",370,NA,56,NA,NA,NA,NA,NA,NA,NA,NA
"371",371,NA,83,NA,NA,"X2993_T.C",0.999999999996351,0.094476237098249,0.00459271431626984,0.988636363636364,0
"372",372,NA,63,NA,NA,"X9943_A.G",0.952662733279213,0.0697642917807395,0.00927550706744292,1,0.0363636363636364
"373",373,NA,47,NA,NA,NA,NA,NA,NA,NA,NA
"374",374,NA,46,NA,NA,NA,NA,NA,NA,NA,NA
"375",375,NA,56,NA,NA,NA,NA,NA,NA,NA,NA
"376",376,NA,60,NA,NA,NA,NA,NA,NA,NA,NA
"377",377,NA,40,NA,NA,NA,NA,NA,NA,NA,NA
"378",378,NA,80,NA,NA,NA,NA,NA,NA,NA,NA
"379",379,NA,80,NA,NA,NA,NA,NA,NA,NA,NA
"380",380,NA,82,NA,NA,NA,NA,NA,NA,NA,NA
"381",381,NA,57,NA,NA,"X4996_G.A",0.999999999998675,0.0787662145190688,0.0154023738489371,1,0.136363636363636
"382",382,NA,58,NA,NA,NA,NA,NA,NA,NA,NA
"383",383,NA,52,NA,NA,NA,NA,NA,NA,NA,NA
"384",384,NA,56,NA,NA,NA,NA,NA,NA,NA,NA
"385",385,NA,72,NA,NA,NA,NA,NA,NA,NA,NA
"386",386,NA,55,NA,NA,NA,NA,NA,NA,NA,NA
"387",387,NA,40,NA,NA,NA,NA,NA,NA,NA,NA
"388",388,NA,54,NA,NA,NA,NA,NA,NA,NA,NA
"389",389,NA,66,NA,NA,NA,NA,NA,NA,NA,NA
"390",390,NA,74,NA,NA,NA,NA,NA,NA,NA,NA
"391",391,NA,68,NA,NA,NA,NA,NA,NA,NA,NA
"392",392,NA,66,NA,NA,NA,NA,NA,NA,NA,NA
"393",393,NA,51,NA,NA,NA,NA,NA,NA,NA,NA
"394",394,NA,59,NA,NA,NA,NA,NA,NA,NA,NA
"395",395,NA,54,NA,NA,NA,NA,NA,NA,NA,NA
"396",396,NA,50,NA,NA,NA,NA,NA,NA,NA,NA
"397",397,NA,58,NA,NA,NA,NA,NA,NA,NA,NA
"398",398,NA,61,NA,NA,NA,NA,NA,NA,NA,NA
"399",399,NA,59,NA,NA,NA,NA,NA,NA,NA,NA
"400",400,NA,43,NA,NA,NA,NA,NA,NA,NA,NA
"401",401,NA,47,NA,NA,NA,NA,NA,NA,NA,NA
"402",402,NA,40,NA,NA,NA,NA,NA,NA,NA,NA
"403",403,NA,40,NA,NA,NA,NA,NA,NA,NA,NA
"404",404,NA,55,NA,NA,NA,NA,NA,NA,NA,NA
"405",405,NA,49,NA,NA,NA,NA,NA,NA,NA,NA
"406",406,NA,43,NA,NA,NA,NA,NA,NA,NA,NA
"407",407,NA,54,NA,NA,NA,NA,NA,NA,NA,NA
"408",408,NA,55,NA,NA,NA,NA,NA,NA,NA,NA
"409",409,NA,65,NA,NA,NA,NA,NA,NA,NA,NA
"410",410,NA,51,NA,NA,NA,NA,NA,NA,NA,NA
"411",411,NA,72,NA,NA,NA,NA,NA,NA,NA,NA
"412",412,NA,71,NA,NA,NA,NA,NA,NA,NA,NA
"413",413,NA,70,NA,NA,NA,NA,NA,NA,NA,NA
"414",414,NA,56,NA,NA,NA,NA,NA,NA,NA,NA
"415",415,NA,67,NA,NA,NA,NA,NA,NA,NA,NA
"416",416,NA,63,NA,NA,NA,NA,NA,NA,NA,NA
"417",417,NA,72,NA,NA,NA,NA,NA,NA,NA,NA
"418",418,NA,55,NA,NA,NA,NA,NA,NA,NA,NA
"419",419,NA,62,NA,NA,NA,NA,NA,NA,NA,NA
"420",420,NA,53,NA,NA,NA,NA,NA,NA,NA,NA
"421",421,NA,55,NA,NA,NA,NA,NA,NA,NA,NA
"422",422,NA,52,NA,NA,NA,NA,NA,NA,NA,NA
"423",423,NA,73,NA,NA,NA,NA,NA,NA,NA,NA
"424",424,NA,55,NA,NA,NA,NA,NA,NA,NA,NA
"425",425,NA,56,NA,NA,NA,NA,NA,NA,NA,NA
"426",426,NA,75,NA,NA,NA,NA,NA,NA,NA,NA
"427",427,NA,59,NA,NA,NA,NA,NA,NA,NA,NA
"428",428,NA,58,NA,NA,NA,NA,NA,NA,NA,NA
"429",429,NA,65,NA,NA,NA,NA,NA,NA,NA,NA
"430",430,NA,62,NA,NA,NA,NA,NA,NA,NA,NA
"431",431,NA,49,NA,NA,NA,NA,NA,NA,NA,NA
"432",432,NA,68,NA,NA,NA,NA,NA,NA,NA,NA
"433",433,NA,62,NA,NA,NA,NA,NA,NA,NA,NA
"434",434,NA,49,NA,NA,NA,NA,NA,NA,NA,NA
"435",435,NA,61,NA,NA,NA,NA,NA,NA,NA,NA
"436",436,NA,62,NA,NA,NA,NA,NA,NA,NA,NA
"437",437,NA,61,NA,NA,NA,NA,NA,NA,NA,NA
"438",438,NA,75,NA,NA,NA,NA,NA,NA,NA,NA
"439",439,NA,48,NA,NA,NA,NA,NA,NA,NA,NA
"440",440,NA,66,NA,NA,NA,NA,NA,NA,NA,NA
"441",441,NA,69,NA,NA,NA,NA,NA,NA,NA,NA
"442",442,NA,71,NA,NA,NA,NA,NA,NA,NA,NA
"443",443,NA,58,NA,NA,NA,NA,NA,NA,NA,NA
"444",444,NA,59,NA,NA,NA,NA,NA,NA,NA,NA
"445",445,NA,55,NA,NA,NA,NA,NA,NA,NA,NA
"446",446,NA,71,NA,NA,NA,NA,NA,NA,NA,NA
"447",447,NA,52,NA,NA,NA,NA,NA,NA,NA,NA
"448",448,NA,56,NA,NA,NA,NA,NA,NA,NA,NA
"449",449,NA,55,NA,NA,NA,NA,NA,NA,NA,NA
"450",450,NA,72,NA,NA,NA,NA,NA,NA,NA,NA
"451",451,NA,54,NA,NA,NA,NA,NA,NA,NA,NA
"452",452,NA,55,NA,NA,NA,NA,NA,NA,NA,NA
"453",453,NA,69,NA,NA,NA,NA,NA,NA,NA,NA
"454",454,NA,64,NA,NA,NA,NA,NA,NA,NA,NA
"455",455,NA,49,NA,NA,NA,NA,NA,NA,NA,NA
"456",456,NA,50,NA,NA,NA,NA,NA,NA,NA,NA
"457",457,NA,59,NA,NA,NA,NA,NA,NA,NA,NA
